{"MARINA SOUTH": [31595.83574613999, 29220.18737674884], "PEARL'S HILL": [28679.063482188954, 29782.05196581279], "BOAT QUAY": [29654.959447992474, 29974.655356499807], "HENDERSON HILL": [26782.826114537977, 29933.76519384831], "REDHILL": [26201.95801931446, 30005.703511426786], "ALEXANDRA HILL": [25358.82086871003, 29991.384227892642], "BUKIT HO SWEE": [27680.06279379669, 30230.86100326741], "CLARKE QUAY": [29253.20737914155, 30222.86451497017], "PASIR PANJANG 1": [22077.338362873998, 29893.781282844575], "QUEENSWAY": [24168.31066714539, 30104.176894295317], "KENT RIDGE": [23464.84096945936, 29725.370664883834], "ALEXANDRA NORTH": [26548.25074103508, 30519.39221732218], "MARINA EAST": [32344.048917584205, 30103.249579339245], "INSTITUTION HILL": [28465.399957863778, 30711.217954895546], "ROBERTSON QUAY": [28416.847705809705, 30409.360710004737], "JURONG ISLAND AND BUKOM": [13012.880555036538, 27225.867493559617], "SUDONG": [15931.758650202442, 19579.069041529252], "SEMAKAU": [21206.333887319368, 20465.80754648866], "SOUTHERN GROUP": [29815.090035302826, 23412.586672154845], "SENTOSA": [27593.939398987364, 25813.35469226122], "CITY TERMINALS": [28387.338879345003, 27536.56717797017], "ANSON": [29145.35005232677, 28466.778334447317], "STRAITS VIEW": [30832.901787749663, 28194.084366665516], "MARITIME SQUARE": [25805.786755556164, 27911.41936687398], "TELOK BLANGAH WAY": [26570.517350398142, 28871.892241833903], "MAXWELL": [29392.0478273365, 29096.75392269798], "CECIL": [29730.19835383722, 29011.328474455593], "KAMPONG TIONG BAHRU": [27335.83050425691, 28979.77318571346], "TELOK BLANGAH DRIVE": [25280.261256543246, 28791.460639047047], "PASIR PANJANG 2": [23692.638502193782, 28894.40998435721], "CENTRAL SUBZONE": [30125.836768927835, 28683.03994913768], "SINGAPORE GENERAL HOSPITAL": [28147.221049078154, 29131.036838792472], "DEPOT ROAD": [25244.207197926473, 29407.094094339376], "PEOPLE'S PARK": [28831.780734615728, 29419.64575133986], "BUKIT MERAH": [26360.799076920233, 29384.142962963735], "CHINATOWN": [29153.967661095852, 29158.044396984555], "PHILLIP": [29706.724254032208, 29744.90793233342], "RAFFLES PLACE": [29968.61758762941, 29572.761894470364], "CHINA SQUARE": [29509.64371894011, 29646.449509589736], "TIONG BAHRU": [27785.672063140315, 29590.39517940958], "BAYFRONT SUBZONE": [30806.241886055977, 29530.167087400507], "TIONG BAHRU STATION": [27277.469823286847, 29607.023713238825], "CLIFFORD PIER": [30379.504158819294, 29776.433458651285], "MARINA EAST (MP)": [33715.69752887327, 30512.247665074665], "MARINA CENTRE": [30938.098571689057, 30471.826782067328], "BRAS BASAH": [29793.09317307879, 30958.095292083843], "OXLEY": [28802.355543490634, 31053.671768288063], "CITY HALL": [30209.07365592651, 30536.50791873865], "MEI CHIN": [24651.06939507004, 30651.134086325186], "EAST COAST": [36386.52619616025, 31338.901602072736], "NATIONAL UNIVERSITY OF S'PORE": [21688.92435701273, 30930.121367361266], "ONE TREE HILL": [27315.55925270865, 31563.79681046792], "SOMERSET": [28626.561106512545, 31494.904838077186], "BENCOOLEN": [29999.06269428174, 31594.59407815698], "LEONIE HILL": [28082.939717445217, 31145.107959763754], "PORT": [21576.076592139707, 28788.217285647737], "DHOBY GHAUT": [29320.073554728595, 31245.748357182987], "BUGIS": [30528.33477001714, 31278.46446003717], "VICTORIA": [30189.210191927043, 31335.725290639188], "PATERSON": [27809.317106348877, 31511.373390977304], "TELOK BLANGAH RISE": [27029.96389336873, 28501.66496992359], "TANJONG PAGAR": [29397.83104729858, 28706.35153202776], "EVERTON PARK": [28333.577171399804, 28602.992668595456], "TANGLIN HALT": [23925.44081984584, 31512.7857427768], "MACKENZIE": [29680.0182285785, 32062.926337235265], "SUNGEI ROAD": [30601.34450753796, 32003.10285420707], "ONE NORTH": [23299.243777977365, 31176.160569120173], "TANJONG RHU": [32740.120813032518, 31438.308438870205], "MOUNTBATTEN": [34449.70449213887, 31557.744610160942], "COMMONWEALTH": [24278.770993891714, 31919.970091767424], "DOVER": [22015.532460451195, 31800.52474169349], "RIDOUT": [25568.307760726144, 31752.668628782943], "CAIRNHILL": [28482.667258639478, 32108.19191955227], "CLEMENTI WEST": [20184.350834316938, 31651.883436949975], "TUAS VIEW EXTENSION": [5092.894973933033, 26137.8735310428], "MONK'S HILL": [28922.845698711764, 32259.785626700876], "SIGLAP": [38435.467924655, 32101.881289972705], "CLEMENTI WOODS": [20764.19809802967, 31824.742163942192], "PIONEER SECTOR": [8872.750171111462, 31423.443487222998], "PENJURU CRESCENT": [17651.309092268853, 31799.610293651014], "ORANGE GROVE": [27668.184153409067, 32484.764067121563], "KAMPONG BUGIS": [32138.221685296594, 32275.69078691974], "BOULEVARD": [27916.92717451886, 31967.006460267352], "ISTANA NEGARA": [29226.828401770454, 31963.289418193264], "LITTLE INDIA": [30307.510265269553, 32122.990877797478], "GUL BASIN": [10327.423366876139, 31746.761667102444], "FORT CANNING": [29413.971801835447, 30713.07235701978], "FARRER COURT": [24862.821752675965, 33234.79512299116], "TUAS VIEW": [5753.633738975848, 31501.454942549382], "NASSIM": [27002.692812642006, 32905.57608588826], "WEST COAST": [19293.762515404862, 33172.62289817378], "BAYSHORE": [40835.377095144766, 32903.59658035949], "BENOI SECTOR": [11668.24417816792, 33336.526735265215], "GUL CIRCLE": [9693.971254322994, 33074.42905722238], "CHATSWORTH": [26896.40192018841, 31045.018709789372], "KAMPONG GLAM": [30934.989044484697, 31623.14830896252], "SELEGIE": [29817.330417508154, 31611.0039513247], "MOUNT EMILY": [29583.25552815979, 31639.481057046873], "ROCHOR CANAL": [30693.783091215668, 31819.1316688655], "CRAWFORD": [31396.89067716185, 31457.2870258351], "MARGARET DRIVE": [25202.761400218726, 31065.97316263043], "TANGLIN": [27162.875763197928, 31905.732495289336], "MARINE PARADE": [36263.982732692464, 31684.26562347877], "JURONG RIVER": [16367.556024960319, 33519.992654829344], "GEYLANG BAHRU": [32110.0626608427, 33765.67462411836], "FABER": [19489.655947931748, 33800.86623498317], "MALCOLM": [28070.258491902667, 33930.25681975641], "BEDOK SOUTH": [40379.4208438649, 33744.22380517173], "BENDEMEER": [31175.957155888656, 33827.944566878956], "BALESTIER": [29975.263909284433, 34194.067698471794], "TUAS BAY": [6921.158828136268, 33401.41891688053], "JOO KOON": [10883.946697259795, 34203.6959676138], "KALLANG WAY": [32761.49234495055, 34229.719203364155], "INTERNATIONAL BUSINESS PARK": [18514.59951587179, 34285.7972453252], "TUKANG": [14192.465474000428, 34209.55068525991], "CORONATION ROAD": [24463.149083049786, 34200.33394610333], "KEMBANGAN": [37158.70152597109, 34115.96834310454], "KATONG": [35680.90070278952, 32176.35068347094], "HOLLAND DRIVE": [23711.43705618622, 32294.772192995923], "FARRER PARK": [30093.415208754835, 32386.2107714154], "NEWTON CIRCUS": [28587.16269589719, 32653.94284093081], "JURONG PORT": [15250.743384648242, 32183.916017764193], "SAMULUN": [13418.492209985587, 32264.59333432862], "SHIPYARD": [11970.142817380833, 32202.385405285226], "GHIM MOH": [22899.189707113168, 32579.935350834006], "LAVENDER": [30874.406449106886, 32569.526456947464], "GOODWOOD PARK": [28108.880722814643, 32875.26700631441], "PANDAN": [19228.603304213026, 32265.401001124526], "SINGAPORE POLYTECHNIC": [21751.75103053642, 32627.894796950524], "CLEMENTI CENTRAL": [20183.449679705915, 32707.539452139346], "KAMPONG JAVA": [29891.531182876795, 32888.52977944376], "BOON KENG": [32338.32129860495, 33018.76071739752], "KALLANG BAHRU": [31579.288967951517, 32929.527661813365], "ULU PANDAN": [22210.509339814565, 33177.22084015704], "JURONG GATEWAY": [17912.97782668322, 35033.90614907108], "HOLLAND ROAD": [22485.019340270064, 34364.28965541641], "KAMPONG UBI": [35039.54952054741, 34647.26335982933], "SENNETT": [32485.48989132639, 35050.196588656974], "POTONG PASIR": [31596.799068953707, 35028.10434418698], "TUAS NORTH": [7737.032919245572, 34331.08519958847], "PEI CHUN": [30814.328258380167, 35440.97036622371],